{
  "Lv1Items": [
    {
      "Name": "대행",
      "Keywords": [
        "대행용역",
        "대행비",
        "서비스대행",
        "마케팅대행",
        "업무대행"
      ]
    },
    {
      "Name": "용역",
      "Keywords": [
        "기술용역",
        "개발용역",
        "컨설팅용역",
        "전문용역",
        "IT용역",
        "수수료"
      ]
    },
    {
      "Name": "집행",
      "Keywords": [
        "예산집행",
        "광고집행",
        "비용집행",
        "자금집행",
        "예산사용"
      ]
    }
  ]
}